Student Name: Kim
Chapter 10 Lab Assignment

HANDS-ON Exercises.

Answer to Question 1
================

SQL> SELECT INITCAP (firstname), INITCAP(lastname)
  2  FROM customers;

INITCAP(FI INITCAP(LA
---------- ----------
Bonita     Morales
Ryan       Thompson
Leila      Smith
Thomas     Pierson
Cindy      Girard
Meshia     Cruz
Tammy      Giana
Kenneth    Jones
Jorge      Perez
Jake       Lucas
Reese      Mcgovern

INITCAP(FI INITCAP(LA
---------- ----------
William    Mckenzie
Nicholas   Nguyen
Jasmine    Lee
Steve      Schell
Michell    Daum
Becca      Nelson
Greg       Montiasa
Jennifer   Smith
Kenneth    Falah

20 rows selected.



Answer to Question 2
================

SQL> SELECT firstname, lastname, NVL2(referred,'REFERRED', 'NOT REFERRED')
  2  FROM customers;

FIRSTNAME  LASTNAME   NVL2(REFERRE
---------- ---------- ------------
BONITA     MORALES    NOT REFERRED
RYAN       THOMPSON   NOT REFERRED
LEILA      SMITH      NOT REFERRED
THOMAS     PIERSON    NOT REFERRED
CINDY      GIRARD     NOT REFERRED
MESHIA     CRUZ       NOT REFERRED
TAMMY      GIANA      REFERRED
KENNETH    JONES      NOT REFERRED
JORGE      PEREZ      REFERRED
JAKE       LUCAS      NOT REFERRED
REESE      MCGOVERN   NOT REFERRED

FIRSTNAME  LASTNAME   NVL2(REFERRE
---------- ---------- ------------
WILLIAM    MCKENZIE   NOT REFERRED
NICHOLAS   NGUYEN     REFERRED
JASMINE    LEE        NOT REFERRED
STEVE      SCHELL     NOT REFERRED
MICHELL    DAUM       REFERRED
BECCA      NELSON     NOT REFERRED
GREG       MONTIASA   NOT REFERRED
JENNIFER   SMITH      REFERRED
KENNETH    FALAH      NOT REFERRED

20 rows selected.



Answer to Question 3
================

SQL> SELECT title, TO_CHAR(quantity*(paideach-cost), '$999.99')
  2  FROM books JOIN orderitems USING(isbn) WHERE order# = 1002;

TITLE                          TO_CHAR(
------------------------------ --------
DATABASE IMPLEMENTATION          $49.10


Answer to Question 4
================

SQL> SELECT title, ROUND((retail-cost)/cost*100,0)||'%'
  2  FROM books;

TITLE                          ROUND((RETAIL-COST)/COST*100,0)||'%'
------------------------------ -----------------------------------------
BODYBUILD IN 10 MINUTES A DAY  65%
REVENGE OF MICKEY              55%
BUILDING A CAR WITH TOOTHPICKS 59%
DATABASE IMPLEMENTATION        78%
COOKING WITH MUSHROOMS         60%
HOLY GRAIL OF ORACLE           61%
HANDCRANKED COMPUTERS          15%
E-BUSINESS THE EASY WAY        44%
PAINLESS CHILD-REARING         87%
THE WOK WAY TO COOK            51%
BIG BEAR AND LITTLE DOVE       68%

TITLE                          ROUND((RETAIL-COST)/COST*100,0)||'%'
------------------------------ -----------------------------------------
HOW TO GET FASTER PIZZA        68%
HOW TO MANAGE THE MANAGER      107%
SHORTEST POEMS                 83%

14 rows selected.




Answer to Question 5
================

SQL> SELECT TO_CHAR(CURRENT_DATE, 'DAY, HH:MI:SS')
  2  FROM dual;

TO_CHAR(CURRENT_DATE,'DAY,HH:MI:SS')
----------------------------------------------
MONDAY   , 10:54:45




Answer to Question 6
================

SQL> SELECT title, LPAD(cost, 12, '*')
  2  FROM books;

TITLE                          LPAD(COST,12,'*')
------------------------------ ------------------------------------------------
BODYBUILD IN 10 MINUTES A DAY  *******18.75
REVENGE OF MICKEY              ********14.2
BUILDING A CAR WITH TOOTHPICKS ********37.8
DATABASE IMPLEMENTATION        ********31.4
COOKING WITH MUSHROOMS         ********12.5
HOLY GRAIL OF ORACLE           *******47.25
HANDCRANKED COMPUTERS          ********21.8
E-BUSINESS THE EASY WAY        ********37.9
PAINLESS CHILD-REARING         **********48
THE WOK WAY TO COOK            **********19
BIG BEAR AND LITTLE DOVE       ********5.32

TITLE                          LPAD(COST,12,'*')
------------------------------ ------------------------------------------------
HOW TO GET FASTER PIZZA        *******17.85
HOW TO MANAGE THE MANAGER      ********15.4
SHORTEST POEMS                 *******21.85

14 rows selected.



Answer to Question 7
================

SQL> SELECT DISTINCT LENGTH(isbn)
  2  FROM books;

LENGTH(ISBN)
------------
          10



Answer to Question 8
================

SQL> SELECT title, pubdate, SYSDATE, TRUNC(MONTHS_BETWEEN(SYSDATE, pubdate),0)Age
  2  FROM books;

TITLE                          PUBDATE   SYSDATE          AGE
------------------------------ --------- --------- ----------
BODYBUILD IN 10 MINUTES A DAY  21-JAN-05 19-MAY-25        243
REVENGE OF MICKEY              14-DEC-05 19-MAY-25        233
BUILDING A CAR WITH TOOTHPICKS 18-MAR-06 19-MAY-25        230
DATABASE IMPLEMENTATION        04-JUN-03 19-MAY-25        263
COOKING WITH MUSHROOMS         28-FEB-04 19-MAY-25        254
HOLY GRAIL OF ORACLE           31-DEC-05 19-MAY-25        232
HANDCRANKED COMPUTERS          21-JAN-05 19-MAY-25        243
E-BUSINESS THE EASY WAY        01-MAR-06 19-MAY-25        230
PAINLESS CHILD-REARING         17-JUL-04 19-MAY-25        250
THE WOK WAY TO COOK            11-SEP-04 19-MAY-25        248
BIG BEAR AND LITTLE DOVE       08-NOV-05 19-MAY-25        234

TITLE                          PUBDATE   SYSDATE          AGE
------------------------------ --------- --------- ----------
HOW TO GET FASTER PIZZA        11-NOV-06 19-MAY-25        222
HOW TO MANAGE THE MANAGER      09-MAY-03 19-MAY-25        264
SHORTEST POEMS                 01-MAY-05 19-MAY-25        240

14 rows selected.



Answer to Question 9
================

SQL> SELECT NEXT_DAY(SYSDATE, 'WEDNESDAY')
  2  FROM dual;

NEXT_DAY(
---------
21-MAY-25



Answer to Question 10
================

SQL> SELECT customer#, SUBSTR(zip, 3, 2), INSTR(customer#, 3)
  2  FROM customers;

 CUSTOMER# SUBSTR(Z INSTR(CUSTOMER#,3)
---------- -------- ------------------
      1001 32                        0
      1002 40                        0
      1003 30                        4
      1004 70                        0
      1005 11                        0
      1006 21                        0
      1007 71                        0
      1008 00                        0
      1009 51                        0
      1010 31                        0
      1011 60                        0

 CUSTOMER# SUBSTR(Z INSTR(CUSTOMER#,3)
---------- -------- ------------------
      1012 11                        0
      1013 71                        4
      1014 41                        0
      1015 11                        0
      1016 50                        0
      1017 00                        0
      1018 20                        0
      1019 96                        0
      1020 60                        0

20 rows selected.



ADVANCED CHALLENGE Exercise

SQL> SELECT title, category, retail AS "Current Price",
  2  ROUND(decode(category, 'COMPUTER',retail*1.1, 'FITNESS',retail*1.15, 'SELF HELP',retail*1.25,RETAIL*1.03), 2) "Revised Price"
  3  FROM books
  4  order by category, title;

TITLE                          CATEGORY     Current Price Revised Price
------------------------------ ------------ ------------- -------------
HOW TO MANAGE THE MANAGER      BUSINESS             31.95         32.91
BIG BEAR AND LITTLE DOVE       CHILDREN              8.95          9.22
BUILDING A CAR WITH TOOTHPICKS CHILDREN             59.95         61.75
DATABASE IMPLEMENTATION        COMPUTER             55.95         61.55
E-BUSINESS THE EASY WAY        COMPUTER              54.5         59.95
HANDCRANKED COMPUTERS          COMPUTER                25          27.5
HOLY GRAIL OF ORACLE           COMPUTER             75.95         83.55
COOKING WITH MUSHROOMS         COOKING              19.95         20.55
THE WOK WAY TO COOK            COOKING              28.75         29.61
PAINLESS CHILD-REARING         FAMILY LIFE          89.95         92.65
REVENGE OF MICKEY              FAMILY LIFE             22         22.66

TITLE                          CATEGORY     Current Price Revised Price
------------------------------ ------------ ------------- -------------
BODYBUILD IN 10 MINUTES A DAY  FITNESS              30.95         35.59
SHORTEST POEMS                 LITERATURE           39.95         41.15
HOW TO GET FASTER PIZZA        SELF HELP            29.95         37.44

14 rows selected.