Student Name: Kim
Chapter 8 Lab Assignment

HANDS-ON Exercises.

Answer to Question 1
================

SQL> SELECT lastname, firstname, state
  2  FROM customers
  3  WHERE state = 'NJ';

LASTNAME   FIRSTNAME  ST
---------- ---------- --
SMITH      JENNIFER   NJ
FALAH      KENNETH    NJ



Answer to Question 2
================

SELECT order#, orderdate
  2  FROM orders
  3  WHERE shipdate > '01-APR-09';

    ORDER# ORDERDATE
---------- ---------
      1000 31-MAR-09
      1004 01-APR-09
      1005 01-APR-09
      1006 01-APR-09
      1007 02-APR-09
      1008 02-APR-09
      1009 03-APR-09
      1010 03-APR-09
      1011 03-APR-09
      1013 03-APR-09
      1014 04-APR-09

    ORDER# ORDERDATE
---------- ---------
      1017 04-APR-09

12 rows selected.



Answer to Question 3
================

SQL> SELECT title, category
  2  FROM books
  3  WHERE category NOT IN 'FITNESS';

TITLE                          CATEGORY
------------------------------ ------------
REVENGE OF MICKEY              FAMILY LIFE
BUILDING A CAR WITH TOOTHPICKS CHILDREN
DATABASE IMPLEMENTATION        COMPUTER
COOKING WITH MUSHROOMS         COOKING
HOLY GRAIL OF ORACLE           COMPUTER
HANDCRANKED COMPUTERS          COMPUTER
E-BUSINESS THE EASY WAY        COMPUTER
PAINLESS CHILD-REARING         FAMILY LIFE
THE WOK WAY TO COOK            COOKING
BIG BEAR AND LITTLE DOVE       CHILDREN
HOW TO GET FASTER PIZZA        SELF HELP

TITLE                          CATEGORY
------------------------------ ------------
HOW TO MANAGE THE MANAGER      BUSINESS
SHORTEST POEMS                 LITERATURE

13 rows selected.



Answer to Question 4
================

SQL> SELECT customer#, lastname, state
  2  FROM customers
  3  WHERE state = 'GA' OR state = 'NJ'
  4  ORDER BY lastname;

 CUSTOMER# LASTNAME   ST
---------- ---------- --
      1020 FALAH      NJ
      1010 LUCAS      GA
      1018 MONTIASA   GA
      1019 SMITH      NJ

SQL> SELECT customer#, lastname, state
  2  FROM customers
  3  WHERE state IN ('GA', 'NJ')
  4  ORDER BY lastname;

 CUSTOMER# LASTNAME   ST
---------- ---------- --
      1020 FALAH      NJ
      1010 LUCAS      GA
      1018 MONTIASA   GA
      1019 SMITH      NJ



Answer to Question 5
================

SQL> SELECT order#, orderdate
  2  FROM orders
  3  WHERE orderdate <= TO_DATE('01-APR-2009', 'DD-MON-YYYY')
  4  ORDER BY orderdate;

    ORDER# ORDERDATE
---------- ---------
      1002 31-MAR-09
      1001 31-MAR-09
      1000 31-MAR-09
      1005 01-APR-09
      1004 01-APR-09
      1006 01-APR-09
      1003 01-APR-09

7 rows selected.

SQL> SELECT order#, orderdate
  2  FROM orders
  3  WHERE orderdate < TO_DATE('02-APR-2009', 'DD-MON-YYYY')
  4  ORDER BY orderdate;

    ORDER# ORDERDATE
---------- ---------
      1002 31-MAR-09
      1001 31-MAR-09
      1000 31-MAR-09
      1005 01-APR-09
      1004 01-APR-09
      1006 01-APR-09
      1003 01-APR-09

7 rows selected.



Answer to Question 6
================

SQL> SELECT Lname, Fname
  2  FROM author
  3  WHERE Lname LIKE '%IN%'
  4  ORDER BY Lname, Fname;

LNAME      FNAME
---------- ----------
AUSTIN     JAMES
MARTINEZ   SHEILA
ROBINSON   ROBERT
WILKINSON  ANTHONY



Answer to Question 7
================

SQL> SELECT lastname, referred
  2  FROM customers
  3  WHERE referred IS NOT NULL
  4  ORDER BY lastname;

LASTNAME     REFERRED
---------- ----------
DAUM             1010
GIANA            1003
NGUYEN           1006
PEREZ            1003
SMITH            1003



Answer to Question 8
================

SQL> SELECT title, category
  2  FROM Books
  3  WHERE category LIKE '%CHILDREN%' OR category LIKE '%COOKING%';

TITLE                          CATEGORY
------------------------------ ------------
BUILDING A CAR WITH TOOTHPICKS CHILDREN
COOKING WITH MUSHROOMS         COOKING
THE WOK WAY TO COOK            COOKING
BIG BEAR AND LITTLE DOVE       CHILDREN

SQL> SELECT title, category
  2  FROM Books
  3  WHERE category IN ('CHILDREN', 'COOKING');

TITLE                          CATEGORY
------------------------------ ------------
BUILDING A CAR WITH TOOTHPICKS CHILDREN
COOKING WITH MUSHROOMS         COOKING
THE WOK WAY TO COOK            COOKING
BIG BEAR AND LITTLE DOVE       CHILDREN

SQL> SELECT title, category
  2  FROM Books
  3  WHERE category = 'CHILDREN' OR category = 'COOKING';

TITLE                          CATEGORY
------------------------------ ------------
BUILDING A CAR WITH TOOTHPICKS CHILDREN
COOKING WITH MUSHROOMS         COOKING
THE WOK WAY TO COOK            COOKING
BIG BEAR AND LITTLE DOVE       CHILDREN



Answer to Question 9
================

SQL> SELECT isbn, title
  2  FROM books
  3  WHERE title LIKE '_A_N%'
  4  ORDER BY title DESC;

ISBN       TITLE
---------- ------------------------------
2491748320 PAINLESS CHILD-REARING



Answer to Question 10
================

SQL> SELECT title, PubDate
  2  FROM books
  3  WHERE category = 'COMPUTER'
  4  AND PubDate BETWEEN TO_DATE('01-JAN-2005', 'DD-MON-YYYY')
  5  AND TO_DATE('31-DEC-2005', 'DD-MON-YYYY');

TITLE                          PUBDATE
------------------------------ ---------
HOLY GRAIL OF ORACLE           31-DEC-05
HANDCRANKED COMPUTERS          21-JAN-05

SQL> SELECT title, PubDate
  2  FROM books
  3  WHERE category = 'COMPUTER'
  4  AND EXTRACT(YEAR FROM PubDate) = 2005;

TITLE                          PUBDATE
------------------------------ ---------
HOLY GRAIL OF ORACLE           31-DEC-05
HANDCRANKED COMPUTERS          21-JAN-05

SQL> SELECT title, PubDate
  2  FROM books
  3  WHERE category = 'COMPUTER'
  4  AND TO_CHAR(PubDate, 'YYYY') LIKE '2005';

TITLE                          PUBDATE
------------------------------ ---------
HOLY GRAIL OF ORACLE           31-DEC-05
HANDCRANKED COMPUTERS          21-JAN-05



ADVANCED CHALLENGE Exercise

SQL> SELECT title, (retail-cost) AS profit
  2  FROM books
  3  WHERE (retail-cost) >= 10.00
  4  ORDER BY profit DESC;

TITLE                              PROFIT
------------------------------ ----------
PAINLESS CHILD-REARING              41.95
HOLY GRAIL OF ORACLE                 28.7
DATABASE IMPLEMENTATION             24.55
BUILDING A CAR WITH TOOTHPICKS      22.15
SHORTEST POEMS                       18.1
E-BUSINESS THE EASY WAY              16.6
HOW TO MANAGE THE MANAGER           16.55
BODYBUILD IN 10 MINUTES A DAY        12.2
HOW TO GET FASTER PIZZA              12.1

9 rows selected.

SQL> SELECT title, category, pubid, retail
  2  FROM books
  3  WHERE category IN ('COMPUTER', 'FAMILY LIFE')
  4  AND pubid IN (1, 3)
  5  AND retail >= 45.00;

TITLE                          CATEGORY          PUBID     RETAIL
------------------------------ ------------ ---------- ----------
DATABASE IMPLEMENTATION        COMPUTER              3      55.95
HOLY GRAIL OF ORACLE           COMPUTER              3      75.95